0,14.62873,6.316424,1.146741,-2.737912,7.027992
0.05,11.08549,5.662122,0.8244647,1.793477,6.740527
0.1,9.236941,4.661508,1.261999,3.188147,6.161909
0.15,7.449994,4.296317,0.5520155,3.150982,6.274951
0.2,6.91542,3.969303,0.2543532,2.909398,6.054948
0.25,6.693439,2.726306,0.2461961,4.175372,6.064791
0.3,5.49947,2.343451,0.5242748,3.715208,5.653645
0.35,5.77396,2.062045,0.3955818,4.083495,5.552682
0.4,5.847498,2.090595,0.3958341,3.458006,6.058289
0.45,4.791512,1.525606,0.3160572,3.816073,5.700581
0.5000001,5.708554,1.957338,0.2933604,3.568574,5.36249
0.5500001,5.012327,1.68684,0.001286849,4.181859,5.200897
0.6000001,4.999293,0.7350454,-0.02324997,3.793377,5.05681
0.6500001,4.98958,1.557111,0.2795967,4.046388,5.828528
0.7000001,4.929416,1.232122,0.04801856,4.559947,5.685908
0.7500001,4.313801,1.442509,0.7633097,4.230164,5.487257
0.8000001,4.712447,0.8543232,0.269811,4.074166,5.185277
0.8500001,4.565971,1.264992,0.6639041,4.741221,5.038402
0.9000002,5.610143,0.9232502,-0.3994291,4.667279,5.27732
0.9500002,5.176888,0.8315393,-0.2201763,4.583272,6.010588
1,5.212749,0.953267,-0.1978142,4.088243,5.477517
1.05,5.38685,0.7621185,0.5969107,4.973535,5.387259
1.1,4.693194,0.1417328,0.4885781,4.478078,5.128621
1.15,4.523746,0.2348972,0.3444926,5.073383,4.554364
1.2,5.545603,0.7951813,0.06132793,5.028815,5.036543
1.25,4.476264,0.9416858,0.8539255,4.382293,5.928967
1.3,4.953791,0.3241256,-0.1767731,4.838826,5.901907
1.35,4.8045,-0.1420782,-0.3483915,4.545117,4.975471
1.4,5.124768,0.4663288,0.2424684,4.645442,5.382678
1.45,4.786631,0.1284134,0.3050856,5.030344,5.25701
1.5,4.686209,0.4699484,-0.1391449,5.171312,5.175735
1.55,4.460361,-0.02914369,0.04434494,5.132436,5.003955
1.6,4.567441,0.7425348,-0.0987379,4.563313,5.477046
1.649999,4.975627,0.722514,0.2321814,4.802011,5.123101
1.699999,4.703638,0.608349,0.03508013,4.810823,5.170751
1.749999,4.859535,0.3706031,-0.1002136,4.845194,5.461886
1.799999,4.680472,0.7227265,0.1614457,5.07639,5.329127
1.849999,4.458886,0.5729595,0.2011088,5.319351,4.8931
1.899999,4.862829,-0.2929653,0.372464,5.685935,4.709344
1.949999,4.152236,0.4769899,0.2757097,5.034343,4.718381
1.999999,4.553563,-0.1936401,-0.1304247,5.295938,5.319552
2.049999,4.183919,0.2755648,0.05786686,4.935643,5.129269
2.099999,4.342252,0.7563735,0.0796115,5.161154,4.681347
2.149999,4.926523,0.1855078,0.07989366,5.339388,5.208769
2.199999,4.30247,0.154693,0.6917691,5.178547,5.040411
2.249999,4.309272,0.04557516,0.1737156,5.147142,5.257666
2.299999,4.063309,0.2200593,-0.1182432,5.641356,5.504014
2.349999,3.769109,0.1869526,0.09487516,5.230409,5.680088
2.399999,4.29078,-0.0494622,0.04128926,4.643891,4.596591
2.449999,4.429703,-0.08184993,0.4728826,5.568051,4.933183
2.499999,4.307579,-0.05997916,0.8125467,4.702792,5.367572
2.549999,4.74889,0.6507568,0.5098112,5.504083,5.088766
2.599999,4.073075,-0.2273176,0.3292894,4.806333,5.31664
2.649999,4.478863,0.7033989,-0.02640187,5.673235,4.876442
2.699999,4.201426,0.446355,0.6170009,5.620119,5.251751
2.749999,4.283391,0.4754681,0.3096257,5.919586,4.903004
2.799999,4.558844,-0.05046427,-0.6357986,5.038355,5.145859
2.849998,4.547462,-0.03931268,-0.06493891,5.382107,5.083687
2.899998,4.305388,0.2352004,0.4448302,5.658542,5.265881
2.949998,4.367833,0.4663509,0.01948088,5.219075,4.830563
2.999998,3.683208,0.4000228,0.03436121,5.677836,4.541946
3.049998,3.85191,-0.3400691,0.3799914,5.229495,5.28899
3.099998,4.584877,0.05724869,0.3872552,5.911101,5.079489
3.149998,4.934924,-0.1075533,-0.2547344,5.228302,4.940829
3.199998,4.026603,0.3552881,-0.1107443,5.523866,5.266868
3.249998,4.915944,-0.2499506,-0.190342,5.952065,5.16047
3.299998,3.490625,-0.1007331,0.2310765,6.08526,5.168451
3.349998,3.837463,0.2396255,-0.3395069,5.728027,4.856226
3.399998,4.0855,0.3678441,0.2817046,5.537849,5.041537
3.449998,4.182604,0.05363832,0.2745492,5.999698,5.085887
3.499998,4.220161,0.3902979,0.03877191,5.784372,5.494208
3.549998,3.716061,0.4135057,0.612986,5.518358,4.827765
3.599998,3.75309,0.151894,0.1754524,5.585098,5.0603
3.649998,4.607194,0.1548609,0.1653406,5.794456,4.943373
3.699998,4.251045,-0.4235092,0.2980331,5.617787,5.231517
3.749998,3.512296,-0.1183156,0.3564737,5.614069,5.237233
3.799998,4.415373,0.5816569,-0.0690363,5.109404,4.860411
3.849998,4.023409,0.3574338,-0.2897267,6.198595,5.549228
3.899997,3.467858,0.2006184,0.6264351,5.709693,5.026599
3.949997,4.154883,0.1539863,0.1676059,5.538395,5.485118
3.999997,4.005507,-0.01198117,-0.5176995,5.374397,5.085959
4.049997,4.428635,0.009295478,0.4845846,6.141873,4.524523
4.099998,4.06356,0.3268045,0.4847346,5.874336,5.105359
4.149998,3.382275,0.4676575,0.3423946,5.646848,4.833416
4.199998,3.783832,0.1865615,0.02873645,5.918382,5.190067
4.249998,4.198906,-0.3923041,-0.1142856,5.999529,5.086456
4.299998,4.173438,-0.2710484,0.3402011,6.031,5.229683
4.349998,3.831574,-0.0559871,0.2898907,5.36397,4.931995
4.399999,3.931265,0.0518587,0.2902836,5.519032,4.736363
4.449999,3.454519,0.3258924,-0.462733,5.615281,4.860537
4.499999,3.957054,0.3363386,0.1971387,5.910558,5.405493
4.549999,3.422527,-0.4983818,0.090084,5.548608,5.454235
4.599999,3.963286,0.1024954,0.0766035,5.797827,5.207991
4.65,3.800045,0.08707007,-0.06186016,5.691198,5.538346
4.7,4.00288,-0.3355441,-0.5376095,5.599051,4.695342
4.75,3.944053,0.2993779,0.06988192,5.499467,5.665657
4.8,4.342768,0.09864298,0.1034915,5.817039,4.978948
4.85,3.666956,0.1577263,0.3551679,5.885705,4.606798
4.900001,3.667885,0.6488395,0.08786251,6.31064,5.13184
4.950001,3.348283,0.6159911,-0.08351351,5.909012,4.841085
5.000001,3.942609,-0.133175,0.3779877,6.654179,5.034598
5.050001,3.634947,0.02448501,0.31728,6.115586,5.116051
5.100001,4.308017,-0.04103229,0.1839212,6.019802,4.491778
5.150002,3.863013,0.2036898,-0.3037838,6.192194,4.918971
5.200002,3.520599,0.1671334,-0.2874628,5.525721,5.171419
5.250002,3.868212,0.4558537,0.2738536,5.264206,5.179454
5.300002,3.957175,0.04915933,0.2317366,5.527562,4.736539
5.350002,3.877903,-0.1243974,0.4549765,5.955382,4.652206
5.400002,3.802008,-0.3362409,0.04432082,6.263622,4.810969
5.450003,3.36676,-0.2716424,-0.3554878,5.573155,4.672989
5.500003,3.54359,-0.250074,0.3389659,6.325607,5.387059
5.550003,3.752749,-0.203034,0.2359602,5.50188,4.872444
5.600003,4.381485,-0.5277706,-0.3045092,6.004269,4.693862
5.650003,3.910451,-0.04081096,0.4039816,5.862232,4.740353
5.700004,4.11294,-0.1199097,0.1973096,5.788577,4.901955
5.750004,3.203718,0.4632017,0.2085689,6.416347,5.199384
5.800004,4.017475,-0.2337201,0.03023326,5.961904,5.172794
5.850004,3.46767,-0.05681091,0.3466302,5.60074,5.147938
5.900004,3.783406,-0.458742,-0.3702358,6.305761,5.128244
5.950005,3.739663,0.5334224,0.1409431,6.500031,5.620579
6.000005,3.727512,0.1586644,0.2327217,6.221319,4.960509
6.050005,3.335512,0.1035577,-0.08114387,5.505111,4.790833
6.100005,3.611366,0.2659543,0.06921593,5.559228,5.17197
6.150005,3.5184,-0.005774766,-0.08172926,6.048882,4.664965
6.200006,3.891343,-0.1550294,0.1994251,6.459215,5.029148
6.250006,3.718405,-0.1129247,-0.4471386,6.316378,4.941488
6.300006,4.272218,0.4131962,-0.00809487,5.93465,4.907177
6.350006,3.76643,0.166133,0.03949513,6.270993,4.50874
6.400006,3.828732,-0.1235702,0.7477534,5.935471,5.150658
6.450006,3.24613,-0.1603213,0.6635077,5.883541,4.65134
6.500007,3.602844,0.2561213,0.6326832,5.533268,5.324162
6.550007,3.57188,-0.08786254,-0.04241472,5.815851,5.002757
6.600007,3.003357,0.06960507,-0.02226777,5.625348,5.001466
6.650007,3.997386,-0.1478471,0.03242758,5.904238,4.94847
6.700007,3.638054,0.37611,0.04713263,6.186399,4.762462
6.750008,3.909767,-0.1893021,-0.1962653,5.800023,5.157626
6.800008,3.542678,-0.008674011,0.2278565,6.453628,5.171576
6.850008,3.128174,-0.0248972,0.232708,5.930385,4.864419
6.900008,3.368008,0.1582312,0.1179537,5.847288,5.267439
6.950008,3.439662,0.005960293,0.8222224,5.936893,5.204227
7.000009,3.904627,-0.1281712,-0.03831169,6.166681,5.041578
7.050009,3.344605,0.4909896,0.4996006,6.285949,5.380231
7.100009,2.498795,0.1007504,-0.2379649,5.33147,4.761242
7.150009,3.853247,0.03200276,-0.1592065,6.061651,5.275194
7.200009,4.022008,0.1675742,-0.3068167,5.712084,4.725526
7.25001,3.14824,0.3973547,0.5628306,6.427438,4.453194
7.30001,3.737473,-0.3727876,-0.6611422,5.904962,4.713443
7.35001,3.23014,-0.200352,-0.2293732,6.198824,4.413967
7.40001,3.71175,-0.311402,0.2124479,5.764469,5.221111
7.45001,3.77627,-0.2216228,-0.313174,5.804851,4.60647
7.50001,3.618634,0.219589,-0.2460431,5.967379,5.252206
7.550011,3.647393,-0.4011704,0.1677342,5.99322,5.065855
7.600011,3.406952,-0.2928768,-0.1521502,5.967612,4.985368
7.650011,3.904732,0.1139638,0.1865127,6.28317,5.554741
7.700011,3.955945,0.1112415,-0.07956841,6.121932,4.827513
7.750011,3.020259,-0.3716981,0.4656191,5.598885,5.150231
7.800012,3.358404,-0.03264105,-0.8729016,5.608525,4.823779
7.850012,3.740762,-0.1041845,0.3406473,6.00981,5.050377
7.900012,3.043983,0.5224357,-0.145806,6.536054,5.321866
7.950012,3.89674,0.2072127,0.2047719,6.051249,4.537832
8.000012,3.014153,0.3002205,0.2757366,5.798796,4.603221
8.050013,3.210479,-0.3257049,0.157128,6.576952,4.760686
8.100013,3.427954,-0.3434512,0.09934086,6.23595,5.232228
8.150013,3.164009,0.0260671,-0.04013876,5.997238,5.075773
8.200013,3.309441,0.1125526,-0.2851616,6.304105,5.143863
8.250013,3.67286,-0.06731008,-0.05500062,5.961703,5.53793
8.300014,3.647311,-0.05336384,0.6156149,6.145274,4.782005
8.350014,3.418819,0.3057832,-0.1400189,6.23015,4.759223
8.400014,4.312082,0.4770686,-0.1773843,5.719359,4.87195
8.450014,2.827361,0.118284,0.4102264,6.184416,4.99348
8.500014,3.679026,0.3349299,-0.160242,5.948538,4.85197
8.550014,3.43102,0.442492,0.1312969,6.166359,5.063191
8.600015,3.267313,0.7504275,-0.1089393,5.729421,5.409945
8.650015,3.954189,0.7709265,-0.142188,6.603015,4.780543
8.700015,3.541714,0.08182606,0.247653,6.084164,5.499728
8.750015,3.309239,0.4257626,0.1191458,6.712323,4.712492
8.800015,3.422251,-0.4688464,0.1980125,6.200624,4.926737
8.850016,2.953804,-0.007097818,0.1270417,5.792396,5.062984
8.900016,3.275744,0.2807926,-0.06464286,5.646794,5.110611
8.950016,2.795847,0.04494661,0.3998004,6.287785,5.340133
9.000016,3.665543,0.2778015,0.3619213,6.387853,4.948811
9.050016,3.805053,0.2883264,0.1342127,6.560967,4.613483
9.100017,3.497941,0.1262758,0.1572923,5.79506,4.857566
9.150017,2.836128,0.3258356,-0.0520393,5.813671,5.305489
9.200017,3.240841,0.5860474,-0.07200569,6.131288,4.91994
9.250017,3.410515,0.1428283,0.4809868,6.636139,5.63432
9.300017,3.484432,-0.01149002,-0.2373526,5.966517,5.051819
9.350018,3.903745,0.4512187,0.1291359,6.00874,4.697773
9.400018,3.573014,0.2623937,0.4130998,5.40614,4.946224
9.450018,3.557268,0.2462014,-0.163071,5.871741,4.817954
9.500018,3.780344,-0.2368985,-0.1831354,6.397438,5.528847
9.550018,3.248608,-0.5631866,0.3101291,5.836864,5.190042
9.600019,3.396544,0.2219284,-0.002502654,5.725598,4.886758
9.650019,3.537584,0.1610726,-0.05541445,5.729566,4.715956
9.700019,3.408064,-0.005788125,0.197999,5.840616,5.12066
9.750019,3.045376,-0.03304552,0.1449924,6.399885,5.214898
9.800019,3.213853,0.5415244,0.1749095,5.938123,4.864608
9.850019,3.784465,0.04927906,0.5585237,5.635797,4.886319
9.90002,3.141318,0.2325193,-0.4111322,6.558435,5.165275
9.95002,2.847598,0.3291661,-0.02307823,5.971826,5.042778
10.00002,3.129559,0.01144711,-0.05540497,5.825892,4.909842
10.05002,3.059249,0.3999727,-0.498426,6.273584,4.762729
10.10002,3.425037,0.3932225,0.09893154,5.713237,4.675981
10.15002,3.624072,0.5227033,-0.143619,5.84183,5.464575
10.20002,2.909017,0.5180352,-0.08791404,5.505135,4.662518
10.25002,3.334189,0.2085637,-0.280417,5.674807,5.351731
10.30002,3.242875,0.04063072,0.008685203,6.052018,5.541376
10.35002,2.969414,0.4366134,-0.1271321,5.996305,4.733432
10.40002,3.52243,0.6677102,0.261215,6.760038,5.392308
10.45002,3.690297,-0.03020863,-0.05516449,6.032398,5.169463
10.50002,3.027559,-0.4328508,0.2223901,5.689328,4.782063
10.55002,3.847263,-0.08416275,-0.2143231,6.549132,4.924098
10.60002,3.270156,0.3228219,-0.1377434,5.631433,4.354135
10.65002,3.173603,-0.356453,0.0845168,5.944703,5.529945
10.70002,3.630453,0.5689423,-0.2533714,5.801665,4.380722
10.75002,2.927126,-0.1537989,0.4864917,5.986361,4.938854
10.80002,3.782187,-0.09856452,-0.3483158,6.655977,5.070316
10.85002,3.214269,0.02823865,0.2012882,5.723909,5.358191
10.90002,3.16299,0.5068179,0.01079929,5.874745,5.611527
10.95002,2.956571,0.2927392,-0.2137764,5.742774,5.059039
11.00002,3.754001,0.2253693,-0.2775853,5.995813,4.998771
11.05002,2.83629,0.08461151,-0.02475599,5.799674,5.154613
11.10002,2.98051,-0.08776791,0.2232731,5.555461,4.800406
11.15002,3.467857,-0.04829998,0.2666579,6.277275,5.458108
11.20002,3.161171,-0.22183,-0.218297,5.494457,4.827729
11.25002,3.180308,-0.1951468,-0.3594345,5.662375,4.376971
11.30002,3.151939,0.422741,0.09054437,6.159385,4.962714
11.35003,3.285192,0.4974525,-0.2252413,6.400188,5.097117
11.40003,3.585532,0.04064079,-0.05257207,6.035199,5.449967
11.45003,3.568413,0.05686648,0.4526738,5.781407,5.243691
11.50003,3.069945,0.06865235,0.2298255,6.3735,4.972644
11.55003,3.320691,0.06154966,0.2045684,5.862196,5.153772
11.60003,3.038606,0.6242774,0.1017744,5.965562,4.975817
11.65003,3.166018,-0.06949495,-0.1699242,6.508479,4.582129
11.70003,3.011428,0.1637958,0.3337367,5.626502,5.234573
11.75003,3.16076,-0.1591239,-0.07133749,6.13236,5.042345
11.80003,3.275701,0.2616249,0.1543323,6.147466,4.496207
11.85003,3.223353,0.0680186,-0.155877,5.90967,5.166059
11.90003,3.648075,-0.277651,-0.582661,5.872688,5.253732
11.95003,3.199655,0.08158193,-0.1027367,6.265412,5.473951
12.00003,3.07152,0.2369454,0.08241633,5.869564,4.651175
12.05003,2.814202,0.1782712,0.277802,6.67203,5.005363
12.10003,3.218093,0.2287165,-0.07894433,6.236615,5.125896
12.15003,3.135564,-0.2609241,0.3740138,5.744429,4.685565
12.20003,3.277097,0.4656372,-0.4215207,6.13688,4.952607
12.25003,3.240676,-0.1531977,0.2423064,6.415549,5.246248
12.30003,3.492499,0.5555772,0.06629697,5.882428,5.275487
12.35003,2.968112,0.2398054,0.3525653,6.022229,5.057247
12.40003,3.400823,-0.2490272,0.3064442,5.947823,5.134604
12.45003,2.875349,-0.170698,-0.5626932,6.152608,4.848092
12.50003,3.308556,0.360561,-0.1497744,5.989587,4.693714
12.55003,3.142444,-0.1788719,0.4877938,6.08382,4.790131
12.60003,2.610712,-0.03608407,-0.03690162,5.428417,5.642341
12.65003,3.529695,-0.2844078,0.213791,5.847403,5.475871
12.70003,3.535754,-0.2391462,-0.3066683,6.056006,4.926324
12.75003,3.491044,-0.259132,-0.1545207,6.27381,5.140846
12.80003,3.281534,0.004971296,0.008136278,5.923515,5.075534
12.85003,3.99145,-0.03136609,-0.3241448,5.938362,5.391775
12.90003,3.140705,0.1102625,0.09444567,6.445879,4.991151
12.95003,3.211271,-0.0342762,0.1743336,5.919014,5.379064
13.00003,2.587817,0.262187,-0.5114879,5.974694,5.2624
13.05003,3.354296,0.4764754,0.2999384,5.786028,4.881853
13.10003,3.117121,-0.1712343,0.4699554,6.265266,4.671621
13.15003,2.852938,-0.5462782,0.06884374,5.814561,4.844302
13.20003,3.088719,0.4963215,0.6086438,6.247399,4.678854
13.25003,2.901074,0.03616835,-0.2876824,6.253854,4.956442
13.30003,2.663522,0.2935455,-0.2070813,6.365676,5.519364
13.35003,3.385697,0.2913154,0.1585127,6.288462,5.180496
13.40003,3.160337,0.7581742,-0.1501616,6.187163,5.214075
13.45003,3.405116,0.2765377,0.3072051,6.036842,4.992287
13.50003,2.851553,-0.3490767,0.1284736,5.71682,4.783584
13.55003,3.320348,-0.27792,-0.009578336,5.43838,4.784284
13.60003,3.037724,0.1558429,0.01012203,5.773044,5.040009
13.65003,3.04952,0.09681977,0.2390462,6.735936,5.190523
13.70003,2.960004,0.1566945,0.2511292,5.995427,4.747783
13.75003,2.812868,-0.03715299,0.2817607,6.18344,4.925921
13.80003,3.371953,0.615515,0.297293,5.792526,4.760911
13.85003,3.157792,0.1500643,0.2438436,5.696426,4.775148
13.90003,2.756647,-0.03946703,-0.05158256,5.760563,4.895765
13.95004,3.465635,0.3486295,-0.4526906,5.968709,5.306246
14.00004,3.236142,-0.2046149,-0.3977209,5.661746,5.444902
14.05004,3.22587,0.3810468,-0.6417986,5.804805,5.266954
14.10004,3.027926,0.577232,0.06994072,6.448263,4.681684
14.15004,3.650527,0.05170533,-0.1313784,5.842633,4.805809
14.20004,3.707723,0.1103926,-0.3627547,5.815061,5.23076
14.25004,2.737122,0.2505158,-0.05052093,6.216102,4.8121
14.30004,2.441287,-0.09409926,0.04653741,5.637558,5.344511
14.35004,2.454258,0.2360497,0.4306321,5.87485,5.073101
14.40004,3.344066,0.2262865,-0.06948099,6.501095,5.232045
14.45004,3.335281,0.3485821,0.2368885,6.77284,4.947807
14.50004,3.095274,-0.2549726,-0.1464817,6.083851,5.777182
14.55004,3.17069,-0.01304957,-0.06623652,5.912886,4.951003
14.60004,3.06482,-0.01230049,-0.4031829,5.799596,5.1709
14.65004,3.179947,0.4020532,0.2849733,5.841982,4.568109
14.70004,3.433868,-0.1125524,-0.09930757,5.634662,5.044626
14.75004,2.695431,0.137646,0.1769868,5.240932,5.395465
14.80004,2.035762,-0.1839545,0.2555876,5.975015,5.112474
14.85004,2.605095,0.4908562,-0.003801618,5.238965,5.003683
14.90004,2.921614,0.1414642,-0.1589013,5.834424,4.890245
14.95004,2.96667,0.5589303,-0.2244215,5.875309,5.012363
15.00004,3.437735,0.1256409,0.1685047,6.222507,5.466307
15.05004,3.364384,-0.5008745,0.5193725,5.493525,5.211003
15.10004,2.969786,0.6612395,-0.5598252,6.205979,5.226825
15.15004,3.063281,0.4679553,-0.3482725,6.222006,4.989357
15.20004,3.008789,-0.3711101,0.1850014,5.790927,5.165189
15.25004,3.426667,0.06898286,0.1445635,5.592554,5.094987
15.30004,3.026924,-0.1065604,0.04096663,5.875024,5.366304
15.35004,2.948304,-0.1943412,0.4329264,5.852014,4.980066
15.40004,3.618415,0.3710887,-0.3467871,6.360108,4.950742
15.45004,2.723694,0.02476703,0.008035982,5.868021,5.044968
15.50004,3.032721,0.4686518,0.08491778,6.030567,5.390714
15.55004,3.477904,-0.3738204,0.222335,6.313881,5.202758
15.60004,2.626986,-0.6717077,0.1401203,5.874481,5.305355
15.65004,3.117623,-0.4650898,0.2592834,5.456647,4.479036
15.70004,3.011402,0.1450004,-0.1397031,6.581984,4.651122
15.75004,2.743408,0.3296411,-0.1425927,6.477919,4.743966
15.80004,2.790093,0.04250823,0.2408198,5.70553,4.975582
15.85004,3.132572,0.2423646,0.2413671,5.812355,5.158983
15.90004,2.992406,0.2850652,-0.2327474,5.819622,4.878901
15.95004,2.703932,0.1318929,-0.2855362,5.917747,5.056636
16.00004,3.313845,0.2832766,0.1790115,5.721523,5.08096
16.05004,2.789159,0.6663693,0.00232234,6.197864,5.036285
16.10004,3.189543,0.3002149,-0.2860727,6.288261,4.821478
16.15004,3.15396,-0.3227184,0.4559564,5.859564,5.2616
16.20004,3.520416,0.6208575,-0.1937546,5.875028,4.670952
16.25004,2.895137,0.05871681,0.1135429,6.541439,4.954989
16.30004,2.344908,0.2016228,-0.3986296,6.046977,5.124345
16.35004,2.653402,0.1853579,-0.4565514,5.849315,5.329626
16.40004,3.260835,-0.02443789,0.3631245,5.867126,4.918867
16.45004,3.291068,-0.1502988,-0.2070107,5.824244,4.830097
16.50003,2.676636,-0.1274583,-0.1416325,6.073253,4.912071
16.55003,3.065869,0.2207579,-0.1659318,6.579991,5.176528
16.60003,3.004808,-0.2025153,0.3268302,6.248044,5.033791
16.65003,3.230792,0.5799847,0.1060686,5.893052,4.890584
16.70003,3.20163,0.3074695,-0.3919714,5.374763,5.17122
16.75003,3.477121,0.2723559,0.09525073,5.820869,4.306265
16.80003,3.239313,0.1497445,-0.3419779,6.302346,4.756312
16.85003,2.801051,-0.3831998,0.06670186,6.170202,4.172171
16.90003,3.321556,0.2626889,0.6897063,5.895205,5.017889
16.95003,2.979215,0.4663976,0.4178648,6.247026,5.020116
17.00003,3.260738,-0.2232452,-0.1688706,5.971607,5.02419
17.05003,3.556021,-0.003076397,0.2041881,5.814935,5.449457
17.10003,3.172278,-0.03344855,0.2895697,6.05472,4.807347
17.15002,2.837582,0.01281065,0.2810881,5.677022,4.657469
17.20002,3.191161,-0.04293532,0.1006924,6.19286,5.096112
17.25002,3.781463,0.2250322,-0.1129536,6.199443,4.784724
17.30002,3.356487,0.1294836,0.001419589,6.079053,4.455578
17.35002,3.410422,-0.06099904,-0.107055,5.80346,5.367148
17.40002,3.348627,-0.5587114,-0.2601611,6.27188,4.95815
17.45002,3.274485,-0.244301,-0.1539967,5.95555,4.741528
17.50002,3.277042,0.233595,0.1085295,5.525402,4.751669
17.55002,2.930169,0.455682,-0.3899467,5.852222,4.665845
17.60002,3.369374,0.1016331,0.2148755,5.429036,4.88805
17.65002,3.381562,-0.1701538,-0.1380627,5.652959,5.208858
17.70002,3.61302,-0.02799442,-0.3247065,6.735602,4.66884
17.75002,2.50957,0.03328473,-0.3442275,6.334343,5.104022
17.80001,3.582451,0.4086848,-0.3463174,6.018648,5.197897
17.85001,3.00604,0.6974876,-0.0526467,6.219981,4.994472
17.90001,3.017229,0.3736367,0.6725792,5.664742,4.96093
17.95001,3.385915,-0.4489334,-0.4983399,5.782772,5.060389
18.00001,3.277482,0.415983,0.08599497,6.103457,4.780097
18.05001,2.990017,0.2394612,-0.2072544,5.393882,4.932302
18.10001,3.093736,0.2053896,-0.02402438,6.316237,4.892434
18.15001,2.850536,0.1973409,-0.3492439,6.023696,4.581629
18.20001,3.857625,0.1134034,0.4570518,6.129181,5.46889
18.25001,2.591289,0.07887843,-0.4164867,5.940235,5.50776
18.30001,3.528032,0.4038312,-0.02964644,5.965258,5.330706
18.35001,2.876989,-0.0523217,-0.5530664,5.699372,5.267135
18.40001,3.476217,-0.6551235,-0.04975003,5.482816,4.92543
18.45,3.347617,0.3452957,0.2754343,6.573186,5.349936
18.5,3.218957,0.1968909,-0.001421267,5.607333,4.460295
18.55,3.315118,-0.09338416,-0.03675199,5.3537,4.875
18.6,3.015025,0.1721652,0.04236436,5.736076,5.087697
18.65,3.137109,-0.1173698,0.005125899,6.38757,5.536317
18.7,2.683038,0.2220905,-0.09710573,5.798516,4.879491
18.75,3.241692,0.1063195,0.5430391,6.106806,5.32634
18.8,3.370414,0.2247478,0.03547246,6.391723,5.016261
18.85,2.76568,0.08732248,-0.3546015,6.115817,4.932393
18.9,3.568246,-0.3724354,0.05913607,5.547056,4.706399
18.95,3.224411,0.1866197,-0.07845372,6.08208,4.685657
19,3.126354,0.9066391,-0.1971892,5.905956,4.741474
19.05,3.036407,0.389479,-0.1046486,5.477406,5.312945
19.09999,3.409294,0.3459647,-0.2756598,5.787017,4.898203
19.14999,3.02926,0.2180136,0.4511348,6.183604,4.887213
19.19999,3.354498,0.377269,0.1158163,6.050909,5.445067
19.24999,3.274145,-0.0596122,0.262336,6.223463,5.188641
19.29999,3.390878,-0.6670488,-0.1629772,6.12762,5.314846
19.34999,3.230584,-0.115587,-0.2259862,6.232351,4.677275
19.39999,2.984881,-0.1824919,-0.01323595,5.874166,4.577547
19.44999,3.43177,0.4129393,0.5025924,5.718647,5.123051
19.49999,3.466858,0.1193519,-0.07253113,5.844555,5.043225
19.54999,3.13489,-0.08100663,-0.3183336,6.447784,5.536402
19.59999,3.739766,-0.07409265,0.2859994,5.81491,5.461682
19.64999,3.077026,0.1538544,-0.00872558,5.708573,5.047511
19.69999,3.146762,0.07659194,-0.1132729,6.32717,4.946255
19.74998,2.948273,-0.2299938,-0.2020495,6.452443,5.126333
19.79998,2.877766,0.1672526,-0.1199297,6.158974,4.56396
19.84998,2.866409,0.4308859,0.05887697,6.276194,4.916285
19.89998,2.988819,0.1207303,-0.005910821,5.841339,5.069961
19.94998,3.172931,-0.1740291,0.1036931,6.395566,5.717603
19.99998,2.665834,0.005504496,-0.10157,6.100819,4.837852
20.04998,2.939823,0.4642709,-0.3439338,5.951503,4.863716
20.09998,3.227143,0.307007,-0.3097601,6.185211,4.420684
20.14998,2.736842,0.2855672,0.4445298,5.879446,5.133055
20.19998,3.120868,-0.1312327,-0.4592063,5.671672,5.220698
20.24998,2.873676,-0.2783883,0.3402737,5.971878,4.980278
20.29998,3.706551,0.03634827,-0.1114511,6.197509,5.002799
20.34998,3.022037,0.006959923,0.04733602,6.049406,4.917643
20.39997,2.992462,0.0373645,0.1767959,6.145976,5.407301
20.44997,2.653544,0.4771703,0.6949361,6.032659,4.887116
20.49997,2.93372,0.1836121,-0.07576887,6.16492,4.831962
20.54997,3.52347,-0.0121449,-0.1015055,5.736295,4.756718
20.59997,3.320666,0.368929,0.2034752,5.214443,5.18149
20.64997,3.23713,0.3055754,-0.186969,6.707404,4.64443
20.69997,2.783789,-0.05519436,-0.1954551,5.882396,5.000644
20.74997,3.864118,0.4501073,0.0146065,5.922293,5.205228
20.79997,2.690448,0.2627804,-0.1077512,5.856417,5.207957
20.84997,2.924748,0.2357973,-0.06024557,6.414998,4.95644
20.89997,2.711204,0.1327205,0.08757426,5.455107,5.301385
20.94997,3.09528,0.2132299,-0.257803,6.197589,5.329453
20.99997,3.439019,0.1188942,-0.3960393,6.145651,5.349134
21.04996,2.79111,0.4719365,-0.5242466,6.309291,4.636125
21.09996,2.587631,0.1545062,-0.1794145,6.580219,4.589244
21.14996,2.611776,0.1044561,-0.3399045,6.125518,4.777346
21.19996,2.98788,0.2993333,0.184364,6.12494,5.024278
21.24996,3.163351,-0.1363993,-0.692969,6.08228,4.837162
21.29996,2.561461,-0.5728794,-0.1501731,5.36834,5.669199
21.34996,3.064815,-0.4278802,-0.0565479,6.160988,4.839522
21.39996,2.841709,0.1794375,0.2816962,6.099012,4.630692
21.44996,2.97735,0.6565455,-0.432981,6.116401,5.032586
21.49996,2.849273,0.377811,-0.07868473,5.937854,5.166587
21.54996,2.917004,-0.2360768,-0.4009745,5.788023,4.981059
21.59996,3.484188,0.5690649,0.008569073,5.82228,4.820695
21.64996,3.047704,0.4949354,0.2599819,5.983955,4.707254
21.69995,3.109352,0.3780701,0.2393823,5.422364,5.426557
21.74995,3.049155,0.166183,-0.7786182,6.254539,4.549703
21.79995,3.541882,-0.1746106,-0.1145134,6.266332,4.894573
21.84995,3.079506,-0.426052,-0.4214737,6.039922,4.962726
21.89995,3.066349,0.1077322,-0.01834308,6.310401,4.795896
21.94995,3.00327,0.660628,-0.3716951,6.016683,5.100766
21.99995,2.884654,0.5522632,0.4385161,5.891676,5.060263
22.04995,3.556455,0.4901697,0.3329446,5.995637,4.99976
22.09995,2.979889,-0.05922175,0.2922477,5.958124,4.686677
22.14995,3.424844,0.004904464,-0.1829719,6.129549,5.002948
22.19995,2.980113,0.3263569,-0.1158221,5.924173,4.616766
22.24995,3.21494,0.1452821,0.1538848,5.733363,4.786643
22.29995,3.19542,0.04453482,-0.0753712,6.117064,4.33902
22.34995,3.150309,-0.09525532,0.1903063,6.29508,4.632546
22.39994,2.786127,0.3385064,-0.1162,6.037281,5.58821
22.44994,3.529027,0.0272858,-0.1890213,6.260521,5.885613
22.49994,2.683242,0.1804317,-0.2599169,6.347499,4.691254
22.54994,3.053981,-0.04584259,0.2203137,5.885165,5.14392
22.59994,2.904189,0.05441021,-0.314282,6.095272,4.801948
22.64994,3.337118,-0.1240634,0.2821045,5.692112,4.86698
22.69994,2.865155,-0.2669079,-0.02600213,5.968417,4.774246
22.74994,2.754413,0.2368906,-0.143518,6.102507,5.241482
22.79994,2.991456,-0.02608237,-0.108869,6.401288,4.683861
22.84994,2.922453,0.2665851,0.219081,6.19236,4.496208
22.89994,3.219965,-0.4577474,-0.2348022,6.351935,5.121151
22.94994,3.048133,-0.04599535,0.1109049,5.697342,4.930674
22.99994,3.338575,0.03033047,0.08109733,6.094876,4.793585
23.04993,2.659643,-0.04718351,0.2937884,5.791781,5.390915
23.09993,3.103839,-0.08794656,0.2976575,6.29958,5.443242
23.14993,2.406156,0.2281332,-0.1628809,5.973261,5.609753
23.19993,2.696432,0.5125138,-0.01152416,5.727565,5.425894
23.24993,3.065076,-0.1394634,-0.08649482,6.175196,4.910028
23.29993,3.13639,0.1519481,0.5411967,5.807035,5.247198
23.34993,2.803886,0.291166,-0.145788,6.082908,4.957205
23.39993,2.269021,-0.2853041,0.2459176,5.847874,5.602446
23.44993,3.37578,0.4133913,-0.1261044,6.121536,5.218773
23.49993,2.838068,-0.2827908,0.3145124,5.352514,5.075258
23.54993,2.558636,0.347778,-0.3106825,5.999519,5.173904
23.59993,2.967296,0.1877996,-0.1238952,5.614269,4.926819
23.64993,3.157123,0.1853357,-0.02581941,5.889197,4.886056
23.69992,2.711882,0.09461837,0.08175795,5.982978,4.825743
23.74992,2.796728,0.002955787,0.1970672,5.757795,5.091221
23.79992,2.789018,-0.3761288,-0.2948022,5.734934,5.196044
23.84992,2.171429,0.3728243,0.009877559,5.943046,5.486542
23.89992,2.556615,0.06284383,0.1723148,6.391815,4.832321
23.94992,2.470858,0.3907784,-0.5463932,5.897098,5.251214
23.99992,3.648542,0.08788348,-0.2191437,6.142337,5.179995
24.04992,3.038359,0.2684198,0.1851699,6.124148,4.910906
24.09992,2.897918,-0.1111129,-0.4476949,6.525227,5.614343
24.14992,2.974679,0.2266406,-0.3686375,5.528316,4.304893
24.19992,2.810652,0.2558407,0.2166203,6.19624,5.202611
24.24992,2.974747,0.07865901,-0.1986038,5.908412,4.777053
24.29992,3.170477,-0.48242,-0.7159119,6.374426,4.676147
24.34991,3.470028,-0.0381146,-0.449094,5.964994,4.581106
24.39991,2.70159,0.6395603,-0.0901629,6.096321,4.892735
24.44991,3.228973,0.8089445,-0.5769075,5.81188,4.681891
24.49991,2.409708,0.1811281,0.0009668171,6.619154,5.121234
24.54991,2.861176,0.3593228,-0.02711364,5.654041,4.951026
24.59991,3.29827,-0.1438464,-0.02784055,6.403732,5.777369
24.64991,2.303981,0.1902982,0.03465728,5.720639,5.123281
24.69991,3.132276,-0.08315652,-0.243691,6.086771,4.768343
24.74991,3.164648,0.3832837,-0.6157327,5.948833,4.695265
24.79991,3.146153,-0.1409172,0.05093238,5.709588,4.777225
24.84991,2.982194,-0.3886998,-0.05086656,5.543396,4.37215
24.89991,3.224591,-0.03937731,0.12762,6.196507,5.029625
24.94991,3.087868,0.01662003,-0.06667752,5.823912,4.958696
24.9999,2.651821,0.3753655,-0.1432978,6.075365,5.351387
25.0499,3.123169,0.3647949,-0.2096524,5.681013,5.015694
25.0999,3.098366,0.516591,0.2133696,5.80721,5.330745
25.1499,3.009365,-0.008267753,-0.449654,6.274573,5.488864
25.1999,2.873738,-0.4804053,-0.3139284,5.938348,5.446871
25.2499,3.050807,-0.3247299,-0.5191979,6.051007,5.138248
25.2999,2.359674,0.319,0.1142878,5.366454,5.319215
25.3499,3.790159,-0.3428774,0.1651967,5.553082,4.742345
25.3999,3.310774,0.1566733,0.09345625,5.760095,5.353123
25.4499,3.212197,0.1415093,0.2443446,5.728001,4.831172
25.4999,3.232772,-0.03813232,-0.5521109,6.448947,4.661965
25.5499,2.985762,0.0005405396,-0.2983206,6.123029,4.797792
25.5999,2.883179,-0.02925964,-0.5814381,5.733617,5.172031
25.64989,3.159755,0.07679816,0.03231318,5.965646,5.141182
25.69989,2.482679,0.1591067,0.02816455,6.033365,4.953068
25.74989,3.343148,-0.3782539,-0.04349948,6.031368,5.489483
25.79989,3.515519,0.777349,0.1151685,5.945141,5.364852
25.84989,2.499593,0.3481769,-0.6085848,5.931977,5.821187
25.89989,3.332273,0.1180571,-0.2080145,6.100282,4.981518
25.94989,2.535926,0.6685552,-0.4909669,5.895414,5.039136
25.99989,2.918214,-0.2365853,-0.7754681,6.39424,4.841783
26.04989,2.989496,0.1779667,0.1752519,5.853501,4.700559
26.09989,3.247788,0.13144,0.2451414,5.613448,4.694577
26.14989,2.803119,-0.002266265,0.07498606,6.293165,4.779528
26.19989,3.31609,0.273181,-0.01019192,5.891246,4.712122
26.24989,3.260811,-0.05599355,-0.009003349,5.670187,5.114941
26.29988,2.376185,0.01711155,0.1888433,6.370669,5.146743
26.34988,3.282699,0.278648,-0.01817608,5.507975,4.997256
26.39988,3.032873,-0.5696399,0.08244415,6.170441,5.012989
26.44988,2.978482,0.5251088,-0.4617,6.705623,4.529261
26.49988,2.844586,0.3513002,-0.3720636,6.253776,5.294348
26.54988,3.351317,0.2471872,0.1764385,5.614551,5.418797
26.59988,3.299159,0.4975975,-0.9166863,5.88137,5.022249
26.64988,2.747154,-0.5707439,0.414569,5.849699,4.858209
26.69988,2.733679,-0.3933782,0.8201483,6.002318,5.037932
26.74988,3.195284,-0.1265664,-0.007273734,5.773705,4.992968
26.79988,3.083263,-0.1234195,0.3168159,5.880533,5.163373
26.84988,2.936135,0.2423761,0.471495,6.243949,5.036706
26.89988,3.442922,-0.1431909,-0.3662275,5.625504,5.007975
26.94987,3.479494,0.0256297,-0.1072118,5.987775,4.482043
26.99987,2.735579,0.1438628,0.312419,5.353218,4.918208
27.04987,2.635914,0.2641695,-0.5670693,6.449191,5.410072
27.09987,2.993149,0.5094968,0.01251978,6.698997,5.312859
27.14987,2.969981,-0.05759452,-0.1502608,6.674131,5.045161
27.19987,3.006117,0.8155377,-0.07526399,6.087338,4.713824
27.24987,2.978051,0.290504,0.3924681,6.045247,4.763329
27.29987,3.098634,0.1296945,-0.2050134,6.381643,5.058279
27.34987,3.090831,0.1306722,0.04858615,6.222897,5.758018
27.39987,2.862982,0.02704722,-0.1298757,5.803222,5.286282
27.44987,3.047876,-0.0005681738,-0.5178786,5.822542,4.880197
27.49987,2.959906,-0.1065327,-0.02878888,5.646042,4.799292
27.54987,3.028359,0.1534228,0.1929196,6.29332,5.41316
27.59986,3.083821,0.2982671,-0.2489245,5.863594,4.741439
27.64986,2.303179,0.1348218,-0.5544795,6.227931,4.877849
27.69986,3.13618,-0.03116354,-0.4279846,5.919045,5.065197
27.74986,2.941131,0.4626661,-0.5419253,6.113835,5.153812
27.79986,2.853266,0.000677228,0.1173555,6.395654,4.926591
27.84986,3.07088,0.03355459,-0.5879831,5.75916,4.678915
27.89986,2.681842,0.1357092,-0.2778037,5.725291,5.290624
27.94986,2.853018,0.05492318,-0.1080756,5.641121,4.350181
27.99986,2.985986,-0.2645011,-0.4222538,6.488578,4.331913
28.04986,3.057094,0.6565859,-0.2050576,6.302754,5.070706
28.09986,2.616186,0.2372472,0.3579248,5.49847,4.859405
28.14986,3.178551,0.03091824,-0.2724911,5.494644,5.139925
28.19986,2.581153,0.2369338,-0.141458,5.621412,4.873429
28.24986,3.003732,0.2082497,0.3960527,5.676281,4.761356
28.29985,2.77091,0.4073254,-0.3597228,5.633801,5.304444
28.34985,3.095612,0.4378269,-0.2806343,5.877179,5.395861
28.39985,2.672899,-0.003633738,-0.1893751,5.32548,5.685596
28.44985,2.735134,-0.2662709,-0.3510862,6.34046,5.173528
28.49985,2.928204,0.2379738,0.07463315,5.617484,5.113681
28.54985,2.881774,0.4455104,-0.1421676,6.129566,5.224693
28.59985,2.850248,0.3086005,-0.1705971,5.916978,4.895194
28.64985,2.915755,-0.04269405,0.3231401,5.748238,5.164986
28.69985,3.209162,0.2342991,-0.2913997,6.315977,4.720236
28.74985,2.949058,-0.2815792,-0.03934496,5.949069,4.754379
28.79985,2.877251,0.06712838,0.08411777,5.662961,4.552644
28.84985,2.962608,0.01697994,-0.03873595,6.00187,5.044747
28.89985,3.202285,-0.3886089,0.2781752,6.155888,5.00433
28.94984,3.150241,-0.1878641,-0.1242033,5.895871,4.585353
28.99984,2.979738,0.275212,0.2141554,5.565429,5.166162
29.04984,2.926649,0.1117536,0.4124297,6.483208,5.385609
29.09984,3.002889,0.1387281,-0.05181164,6.050193,4.804727
29.14984,2.842826,0.4763433,-0.5218837,5.749076,4.659964
29.19984,2.881668,-0.1797437,-0.1561715,6.036345,4.782574
29.24984,3.644597,0.3735684,0.08490764,6.26194,4.528805
29.29984,2.919066,0.07583839,-0.01746606,5.936696,5.074896
29.34984,2.85693,0.3064106,-0.1615895,6.136286,5.13069
29.39984,2.86888,-0.2357801,-0.3056064,5.694952,5.543826
29.44984,2.794758,0.3690251,0.5269749,6.098523,4.780989
29.49984,3.192476,0.1063924,-0.3349924,5.843459,4.861664
29.54984,2.975958,-0.01247107,0.005155452,6.292632,4.898376
29.59983,2.947788,0.01906149,-0.1090888,5.456031,4.312494
29.64983,2.498721,-0.05738159,-0.8998199,5.692895,4.800596
29.69983,3.088597,-0.2440521,-0.2473162,6.463307,5.018077
29.74983,2.823494,0.3475586,-0.3838869,5.986613,5.340163
29.79983,2.890653,0.2243845,-0.4035232,5.90053,5.34982
29.84983,3.061882,0.1788574,-0.2106378,5.939211,5.196148
29.89983,3.165974,-0.03198092,0.5863,6.329316,4.744612
29.94983,3.485596,0.309161,-0.4254272,6.031455,5.057267
29.99983,2.752182,-0.1012329,-0.4368202,6.136767,4.792995
30.04983,2.813119,-0.0124466,0.4601151,6.032839,4.897103
30.09983,3.003579,0.2426652,-0.09045164,6.41088,4.424701
30.14983,2.972856,-0.3614012,0.2083179,6.306572,4.788083
30.19983,2.998171,0.0335575,-0.1204077,5.455107,4.697305
30.24982,3.017065,-0.09412654,-0.4539226,5.724112,4.999068
30.29982,2.653958,-0.1756255,-0.04359102,5.80935,4.711504
30.34982,2.985696,0.114839,-0.434251,5.710519,5.301213
30.39982,3.381533,0.2548397,-0.1955306,5.958049,5.113395
30.44982,2.595081,0.2981566,-0.5261731,6.007643,5.213058
30.49982,2.782571,-0.3805453,0.01655328,6.309855,4.624738
30.54982,3.153009,0.7041366,0.2439888,6.22269,5.627456
30.59982,2.998254,0.4528754,0.3395533,6.013973,5.326428
30.64982,3.385332,0.4984581,0.3794139,5.628473,5.028954
30.69982,3.25383,0.1831082,0.1100677,5.748717,5.232974
30.74982,2.900541,-0.4921032,0.2402415,5.67435,5.095379
30.79982,3.532172,0.01659408,0.2706214,6.109727,4.345688
30.84982,3.222257,-0.07213003,-0.1228181,5.377833,5.284405
30.89981,3.1463,0.3452982,-0.4023361,6.353213,5.512365
30.94981,2.926405,0.3254851,-0.1891536,5.570958,5.081096
30.99981,2.651818,0.1536381,-0.6752008,5.450304,5.403911
31.04981,2.756763,-0.1066154,-0.6675483,6.064329,5.344922
31.09981,2.696025,-0.0103075,-0.1133442,6.100841,4.871322
31.14981,2.59798,0.2133875,0.04929961,5.544952,4.851098
31.19981,3.137125,0.614958,-0.1351812,5.237511,4.804222
31.24981,2.737211,-0.05284048,-0.1079775,6.185116,5.005294
31.29981,3.257389,0.09902079,-0.4081387,5.831793,5.296336
31.34981,3.035537,-0.09424239,-0.2583106,6.284327,5.060524
31.39981,3.627776,-0.02535563,-0.2921987,6.312296,5.117325
31.44981,2.490561,0.6665621,-0.2648406,5.846297,5.201868
31.49981,3.432154,-0.4528961,-0.08309697,6.234511,4.729774
31.5498,2.41589,0.1607135,-0.4230863,6.100358,4.980142
31.5998,3.154048,0.1037442,-0.5391977,6.327025,5.024046
31.6498,2.75772,-0.2319379,-0.2812899,6.101974,4.69305
31.6998,3.034857,0.4786231,0.471348,6.614808,5.204962
31.7498,2.28822,-0.2473795,-0.1949046,5.670839,5.45875
31.7998,3.325611,0.2633236,-0.3679087,6.575791,4.968133
31.8498,3.084255,-0.1482244,0.1192194,6.233821,5.250892
31.8998,2.94072,-0.1075401,-0.08983499,5.703866,5.120402
31.9498,3.147167,0.4250354,-0.02398811,6.781217,5.175714
31.9998,3.001376,-0.08014237,0.07611136,5.716923,5.006256
32.0498,2.591543,-0.3531614,0.6698164,5.917528,5.073829
32.0998,2.931961,0.01100678,-0.2941287,5.972069,5.359896
32.1498,2.957334,0.02059842,0.1681228,5.93755,5.506908
32.19979,3.386499,0.1542395,-0.3663132,6.344126,5.619098
32.24979,3.217043,-0.03013887,-0.006489486,6.125332,4.775712
32.29979,2.964755,0.1779805,-0.08206295,6.064076,4.946862
32.34979,3.084799,0.454441,-0.4050316,6.567928,4.563026
32.39979,3.059409,0.1292742,0.239363,5.646638,4.546258
32.44979,2.748667,0.05054637,-0.5645176,6.343275,5.146713
32.49979,2.648763,-0.04940557,0.283406,5.702868,4.925838
32.54979,3.109951,0.1563397,-0.1709898,6.20019,4.608384
32.59979,2.420912,0.6329345,0.2576295,5.696767,5.054458
32.64979,2.657097,0.3062356,-0.367235,5.711551,4.964067
32.69979,2.93958,-0.08691231,-0.2053663,6.161218,5.104136
32.74979,3.090859,-0.2179709,-0.1897365,5.404972,4.909654
32.79979,2.988551,0.3690608,-0.2820724,6.036406,5.271372
32.84978,3.252056,0.04629992,-0.00719016,6.173448,5.537914
32.89978,2.819845,0.196069,-0.3396144,6.184519,5.120176
32.94978,3.158595,-0.4073423,-0.05969721,6.12292,4.761947
32.99978,3.188361,0.07704095,-0.2196517,5.894255,5.23236
33.04978,3.246811,0.3246238,-0.1704875,5.866642,4.760754
33.09978,2.751912,-0.08297031,-0.4698319,5.572759,4.954606
33.14978,3.007751,-0.2079957,0.09230001,6.133157,5.006384
33.19978,2.925506,0.3689783,-0.3316697,5.724344,5.338274
33.24978,2.995873,0.3831967,-0.338332,6.516981,4.863585
33.29978,2.887266,-0.5972819,0.3784926,6.001217,4.893078
33.34978,2.621418,0.1566819,0.1335097,6.52194,5.091647
33.39978,3.191509,-0.01145986,-0.4361947,5.708167,4.931484
33.44978,2.606063,-0.1879645,-0.006555468,6.092465,5.159285
33.49977,3.38846,-0.1615673,-0.3051774,6.541064,5.113874
33.54977,3.03527,-0.3418093,-0.0381521,6.081084,4.657833
33.59977,2.870067,0.5256681,0.0506471,5.156332,5.088362
33.64977,2.983847,0.1718974,-0.2213181,6.167598,5.00796
33.69977,3.028338,0.1865174,-0.2652041,5.899467,4.69997
33.74977,3.025607,-0.2955361,-0.04147407,5.326867,5.37624
33.79977,3.409549,-0.2181397,0.05865555,5.696589,4.682484
33.84977,3.065892,0.02759638,-0.3525722,5.883052,5.341757
33.89977,2.767813,0.3197078,0.04007883,5.844252,5.212327
33.94977,3.035584,-0.09596271,-0.2509703,6.184347,4.985963
33.99977,3.052938,-0.02806815,0.03037123,5.988271,4.891311
34.04977,3.458571,0.2592646,-0.07703985,5.965883,4.399888
34.09977,2.799974,0.6495095,-0.6511642,5.56061,4.486017
34.14977,2.754189,0.03602342,0.3076546,6.46894,4.916534
34.19976,2.738252,0.4726505,-0.2017595,6.286056,4.801307
34.24976,2.800894,-0.03447973,0.6692555,5.347097,4.719753
34.29976,2.913407,0.2264925,-0.3936402,5.951506,4.432136
34.34976,3.392769,-0.003802702,0.0212934,6.600092,5.058415
34.39976,2.902959,-0.4101485,0.1743326,6.413744,4.359479
34.44976,3.024125,-0.2019058,-0.2367211,6.086407,5.004169
34.49976,2.864921,0.06095988,-0.4535424,6.395161,5.129546
34.54976,3.063869,-0.2846884,-0.4800885,5.951271,4.652981
34.59976,2.897905,0.6140796,-0.1844007,6.243505,5.571671
34.64976,2.764657,-0.06402468,-0.2061996,6.13684,4.694056
34.69976,2.719624,0.00418888,-0.3555108,5.973569,4.528533
34.74976,2.936943,-0.8441988,0.09090377,6.255841,5.013682
34.79976,3.075978,0.4173591,-0.1460601,6.301931,4.771713
34.84975,3.462393,0.1507862,-0.2995774,5.934503,4.713514
34.89975,3.336428,0.02324034,-0.0104558,6.726431,5.268276
34.94975,3.054813,0.05933698,-0.0541531,6.109385,4.661393
34.99975,2.803545,0.168115,0.220747,6.426872,5.417551
35.04975,2.930933,-0.1204674,0.2151696,6.537833,4.949062
35.09975,3.125896,-0.2709498,0.2855662,6.246896,4.684783
35.14975,2.746044,0.07825278,0.1057987,5.747325,4.703148
35.19975,2.945117,-0.1538794,-0.5087681,5.600747,5.040526
35.24975,3.11413,0.7905188,0.5221307,6.056011,4.63351
35.29975,3.008122,0.1361476,0.3008572,6.209977,5.577758
35.34975,3.255499,0.0876332,0.4170186,5.969452,5.052632
35.39975,2.955033,0.37386,-0.09692633,6.552195,5.29414
35.44975,2.792628,0.1327762,0.148622,5.803176,5.272218
35.49974,2.935719,0.07452944,-0.3610209,6.004461,4.989531
35.54974,2.736746,0.3878467,0.3187793,6.426775,4.911046
35.59974,2.695152,0.09638803,-0.01083252,6.109882,4.769056
35.64974,3.368566,-0.03125722,-0.4724309,5.991076,5.070504
35.69974,3.220228,-0.01925635,0.03754463,5.975573,5.092855
35.74974,3.256948,0.2669547,0.6658285,6.121934,5.13967
35.79974,3.286242,0.2317149,-0.541763,6.042149,5.134466
35.84974,2.666322,-0.2145091,-0.09140435,6.070064,5.092509
35.89974,3.080683,-0.2396831,-0.1518422,6.092406,5.379802
35.94974,2.641363,0.09821982,-0.3907976,6.122499,4.99934
35.99974,2.196497,0.05935332,0.04561912,6.176921,4.65283
36.04974,3.240446,0.03933002,-0.1299312,6.171171,4.823946
36.09974,3.13765,0.2292835,-0.5973582,5.981134,4.799316
36.14973,3.244764,0.0355795,0.1832835,6.177794,4.897561
36.19973,3.175533,-0.09079684,-0.3737715,6.306242,4.76136
36.24973,2.886913,0.2301436,-0.2361157,6.007135,5.051249
36.29973,2.9286,0.03591851,-0.1682257,6.03933,4.662776
36.34973,2.673324,-0.008989856,-0.2773252,5.839222,5.091338
36.39973,2.884417,0.5554737,-0.1730514,5.918257,4.663306
36.44973,2.582322,0.1541939,-0.03815601,5.372282,4.358465
36.49973,3.319267,0.4142129,-0.6015051,5.860855,5.403455
36.54973,2.771218,0.06195365,-0.3130152,6.233257,5.172221
36.59973,3.534097,0.331993,-0.3810514,6.546694,4.347558
36.64973,3.281222,0.6464812,0.606386,6.333452,5.349133
36.69973,2.625692,0.3152303,-0.5781704,6.065469,4.754248
36.74973,2.952068,0.3761529,0.4108538,6.55891,5.609025
36.79972,2.887469,0.1373068,-0.3391362,6.151237,4.469844
36.84972,3.30455,-0.2853045,-0.4233146,6.158541,5.110304
36.89972,2.765045,-0.299277,-0.2939181,6.099787,5.716106
36.94972,2.939704,0.2819022,-0.3709429,6.929399,4.753225
36.99972,3.011474,0.2670077,0.02608986,5.839596,5.483074
37.04972,3.415756,-0.258079,-0.1137123,6.369775,4.726616
37.09972,2.933033,0.2150157,0.1578118,6.628748,4.907704
37.14972,3.12819,-0.08613431,0.1181841,6.108333,4.909483
37.19972,2.97982,-0.4776281,-0.2281039,6.0072,4.940265
37.24972,3.232425,0.2052495,-0.2660266,5.663839,4.642296
37.29972,2.750774,-0.02025715,-0.9851519,5.709577,4.501699
37.34972,2.767776,-0.02108434,0.2755402,6.449232,4.486526
37.39972,3.073071,0.3294849,0.6607054,6.378807,4.579174
37.44971,2.731253,0.02861158,0.421927,6.616418,5.050053
37.49971,2.944536,0.4877783,-0.1648754,6.21808,4.572704
37.54971,3.001341,-0.240779,0.4903273,6.389257,5.122874
37.59971,2.770454,0.4028023,0.04817333,5.753372,5.095795
37.64971,2.860774,0.5563864,-0.6726797,6.475899,5.202811
37.69971,3.373969,0.07800277,0.1644518,5.837565,4.715604
37.74971,3.126059,0.191118,0.04120698,5.573246,5.519672
37.79971,3.086428,-0.1423699,0.3591401,5.667735,5.13865
37.84971,2.927214,0.5075955,-0.1809375,5.968238,4.263823
37.89971,2.82582,0.6310346,0.320163,6.116091,4.698107
37.94971,3.171612,0.09180737,-0.2921547,6.609062,5.156658
37.99971,2.770517,0.2005453,0.1271985,6.031897,4.798357
38.04971,3.267238,0.3859226,-0.2112243,5.816091,4.802198
38.0997,2.784981,0.1099892,-0.02148934,6.040763,4.944271
38.1497,2.948177,-0.05948014,-0.2404923,6.338862,4.998482
38.1997,3.525107,0.5729371,0.1786623,6.01222,4.860161
38.2497,3.186919,0.1215639,-0.136172,5.657717,4.860365
38.2997,2.618136,0.2279434,-0.3130533,6.549677,5.111128
38.3497,2.687486,0.5701087,0.179982,5.912499,4.786859
38.3997,2.914323,-0.09358313,-0.360071,6.267032,5.114363
38.4497,2.846907,0.2640688,0.05387499,6.719021,4.769036
38.4997,2.835666,0.01306807,-0.585299,6.019276,5.289865
38.5497,2.438663,0.2641695,0.4654809,5.537551,4.593101
38.5997,3.039526,0.05184393,-0.06239492,6.401267,5.170767
38.6497,2.690322,0.4603768,0.4746123,5.413579,4.311757
38.6997,3.152961,-0.08522563,-0.1654807,6.583455,4.735665
38.74969,3.018832,0.07051823,0.1118011,6.140039,5.315856
38.79969,2.622358,-0.01139031,-0.4752776,6.049665,4.541066
38.84969,2.914222,0.3988164,-0.5004801,5.879589,5.220109
38.89969,3.291663,0.2019712,0.007004067,5.562597,5.319191
38.94969,2.392187,-0.1662818,-0.01715483,5.926321,5.172792
38.99969,2.939538,0.1245678,-0.2912215,6.778971,4.600263
39.04969,3.167038,-0.1374317,-0.5259174,6.206354,4.793784
39.09969,2.848027,-0.3580662,-0.1763686,5.721918,5.149026
39.14969,3.698811,0.1708114,-0.1869597,6.226739,4.563086
39.19969,3.106783,0.1450704,-0.2218223,5.715178,5.209058
39.24969,3.179752,0.3924658,-0.2460422,6.119735,5.200196
39.29969,3.160382,0.1875348,-0.2840991,5.925561,4.929042
39.34969,2.533901,-0.09473459,0.1181017,5.952841,5.067254
39.39968,2.793154,-0.09296849,-0.390557,5.938997,5.183938
39.44968,2.933032,-0.2398129,0.2574613,5.905473,4.518479
39.49968,3.653946,-0.02682336,-0.342496,5.561723,5.030854
39.54968,2.701755,0.03061742,0.1280487,6.081462,4.731399
39.59968,3.065122,0.3090682,-0.3052411,5.47778,5.154053
39.64968,3.495652,-0.3048106,-0.2213364,5.522054,4.913325
39.69968,2.890032,0.264858,-0.3668176,5.525383,4.830852
39.74968,3.009073,0.5152205,0.2465281,5.386111,4.889238
39.79968,2.924982,-0.009085357,-0.08706373,5.912041,4.954808
39.84968,2.635885,0.0360193,-0.09115648,6.018011,4.33776
39.89968,3.535249,-0.2883845,0.1676876,5.636044,4.896653
39.94968,2.961472,-0.1975986,-0.1000111,5.7589,4.989117
39.99968,3.267509,-0.2958833,0.1200712,6.305873,4.949086
40.04967,2.990078,0.4391893,0.1701395,6.004865,5.352668
40.09967,2.988091,0.2318974,-0.025132,5.571249,5.492605
40.14967,3.277597,0.1412882,-0.028478,5.385563,4.946805
40.19967,2.378723,0.07757259,-0.4185725,6.354602,4.801324
40.24967,2.98226,0.5160949,-0.09262688,5.785604,4.824769
40.29967,3.184156,-0.04757465,-0.2028588,6.13477,5.098743
40.34967,2.742966,0.5361283,-0.8507305,6.23834,4.686362
40.39967,2.356087,0.4085141,-0.4824505,6.394953,5.061754
40.44967,2.69333,-0.2443696,-0.9684832,5.592472,4.799488
40.49967,3.202883,-0.1268565,-0.4542745,6.114342,5.665418
40.54967,3.322383,0.8059239,-0.5164716,5.815389,5.601692
40.59967,2.743328,0.04622159,-0.1568372,6.051718,4.605649
40.64967,2.842253,-0.01375829,-0.003438309,5.714227,4.826077
40.69967,3.548877,0.3244722,-0.4191764,5.630605,4.702045
40.74966,3.057341,-0.6137295,0.06615646,6.082035,4.94549
40.79966,2.589103,-0.18819,0.1589299,5.839139,5.23778
40.84966,2.714099,-0.2497177,0.07105562,6.689377,4.271793
40.89966,3.008536,0.5379834,0.1490514,5.881294,4.868683
40.94966,2.606078,-0.4120755,0.04025052,5.880988,4.921753
40.99966,2.846425,0.4641961,-0.6229786,6.272886,4.678069
41.04966,2.638847,0.852378,-0.05598601,5.672734,5.30187
41.09966,2.698341,-0.4285081,-0.4127936,6.039202,5.482862
41.14966,3.482587,-0.6818337,-0.1419962,5.679994,4.893796
41.19966,2.745164,-0.172502,-0.08313543,6.105098,4.517695
41.24966,3.353849,-0.1848486,0.1889925,6.154286,4.402031
41.29966,2.450931,-0.09830382,-0.4140602,6.001774,4.893373
41.34966,3.1533,0.1549394,-0.2406257,5.881084,4.371493
41.39965,3.20044,0.142147,0.3225554,5.987414,5.208632
41.44965,2.88188,0.02836763,0.2011708,5.887966,5.166042
41.49965,2.774984,0.05590391,0.05372371,5.847927,4.979041
41.54965,2.940897,-0.001563929,-0.3611096,6.20711,4.952072
41.59965,2.977073,-0.01494542,-0.306478,5.945884,4.445057
41.64965,2.861622,0.1835391,-0.63235,6.046565,4.629905
41.69965,3.099352,-0.1215873,0.2125229,5.925032,5.186825
41.74965,2.463374,-0.1262977,-0.09049463,6.07767,5.472049
41.79965,3.292029,0.23416,-0.3558393,5.938471,5.110857
41.84965,2.994335,0.04609576,-0.1498049,5.745525,5.208456
41.89965,3.139183,0.0291331,-0.2185727,6.186382,5.456381
41.94965,2.737531,-0.03116382,-0.4279591,5.77396,4.847803
41.99965,3.227587,0.2010551,0.1706349,5.895421,5.094497
42.04964,3.483752,0.5705211,0.2959625,5.668118,4.759623
42.09964,2.804816,-0.1976147,-0.1365519,6.306078,5.307244
42.14964,3.087612,-0.04037192,-0.1116613,6.052001,5.44116
42.19964,2.981692,0.2015685,0.1268449,6.219554,5.254311
42.24964,2.959161,0.6814206,-0.01314257,6.206283,4.959582
42.29964,2.923615,-0.0258268,-0.2106826,5.422406,5.420609
42.34964,2.967176,-0.1465541,-0.2177198,6.324094,4.639556
42.39964,2.887788,0.4507527,0.02569582,6.453192,4.963598
42.44964,3.075416,0.2442268,-0.03333882,6.305158,5.160918
42.49964,2.952774,0.0719037,0.1654326,5.83014,5.323331
42.54964,2.669166,-0.3962219,-0.0469938,5.510894,5.03007
42.59964,3.252705,0.2916238,-0.03891415,5.887525,5.07275
42.64964,2.888845,-0.05163606,-0.3360289,5.832534,4.660972
42.69963,3.263548,0.3877112,-0.03436317,5.897298,4.640357
42.74963,2.638173,0.2459351,0.08676949,6.035608,5.209181
42.79963,2.853298,-0.1088234,-0.2170631,6.082516,4.859037
42.84963,3.118539,-0.2498822,-0.3607647,5.098906,5.106921
42.89963,3.442304,0.3223431,-0.1718201,5.530947,4.973739
42.94963,2.448144,0.3694889,-0.131651,5.664988,5.090392
42.99963,3.694934,0.399306,0.09199707,5.663157,4.270468
43.04963,2.992457,5.7742E-05,0.05841324,6.112661,4.776738
43.09963,2.847883,0.3625099,0.1017027,6.199876,5.125549
43.14963,3.379047,0.4803449,-0.4710586,5.059184,5.058568
43.19963,2.430031,-0.2315482,-0.3383982,6.116045,5.82832
43.24963,2.787479,0.7612883,0.1766545,5.640581,4.709987
43.29963,3.494361,0.2197212,0.0978568,5.928662,5.192294
43.34962,3.14176,0.05637996,-0.3161782,6.338913,4.932081
43.39962,3.046649,0.433111,-0.5045229,5.801172,5.01426
43.44962,2.876116,0.2597898,-0.4162797,6.140106,5.243064
43.49962,3.571888,0.2032225,-0.2684541,5.774989,5.580533
43.54962,3.054929,0.4644145,-0.007801875,6.207176,5.042632
43.59962,3.273169,-0.7510314,-0.4265654,6.903023,4.905263
43.64962,3.068579,0.2612746,-0.09336649,5.863296,4.456248
43.69962,3.092758,0.2544453,-0.2070149,6.146086,5.773677
43.74962,2.75193,0.1480581,-0.4744123,5.592102,4.461254
43.79962,2.812927,0.7943321,-0.2867778,5.95843,5.222338
43.84962,2.706111,-0.1816852,-0.1881275,6.244291,4.209704
43.89962,3.062347,-0.1096103,-0.3681288,6.086434,5.192677
43.94962,2.688619,0.01274227,0.3415849,5.749645,4.840759
43.99961,2.580233,0.2605694,-0.7144815,5.842554,4.817397
44.04961,2.787783,0.3218016,-0.2287052,5.605935,5.025887
44.09961,3.462708,0.02669027,-0.161896,6.326531,5.269792
44.14961,2.786305,-0.09273741,-0.6252834,6.505342,5.501382
44.19961,3.329336,0.6724726,0.155498,5.877401,5.018669
44.24961,2.931817,0.1071777,-0.1524861,5.779974,4.880965
44.29961,2.805291,0.4239746,0.5616877,5.802246,4.966659
44.34961,2.687819,-0.2797892,0.3222408,5.791381,5.056727
44.39961,2.97004,-0.05944347,0.04112437,5.684083,4.773395
44.44961,2.872859,-0.1677954,0.2629017,5.978086,4.615468
44.49961,2.466262,-0.4093388,0.5186298,6.329606,4.655131
44.54961,3.239455,0.4222166,-0.2314215,6.178067,4.981906
44.59961,2.541706,-0.3250877,-0.253993,5.87139,4.685721
44.6496,2.791439,-0.3328964,-0.6806475,6.085163,4.84023
44.6996,2.343457,0.03121897,-0.04832485,5.879363,4.881831
44.7496,2.489464,-0.2114633,0.05347824,6.35141,4.714403
44.7996,2.948534,0.04035946,0.1938051,6.430974,4.496295
44.8496,2.963099,0.1388878,-0.40478,5.816821,4.838795
44.8996,3.670724,-0.3725142,0.1564395,5.911797,5.137252
44.9496,3.348139,0.23964,0.1649553,5.878431,5.061601
44.9996,3.244997,0.1442492,0.0655729,5.475016,5.469332
